bn_name,name,gender
রেজওয়ানা, Rezwana,F
ইসতিয়াক , Istiyak,M
সোহানুর ,Shohanur,M
সাদিয়া, Sadia,F
সারমিন , Sharmin,F
শায়লা, Syla,F
প্রমা, Proma,F
মাহবুবা,Mahbuba,F
ইতি, Ety,F
লামিয়া, Lamiya,F
ট্রিনা, trina,F
তাবাসসুম, Tabassum,F
অমি , Omi,F
প্রান্তি, Pranti,F
ইশা, Esha,F
নিলয়, Niloy,F
নাইমা, Naima,F
মালিহা,Maliha,F
নেহা, Neha,F
ঝুমু, Jhumu,F
জান্নাত, Jannat,F
ইসরাত, Esrat,F
লাকি, Lucky,F
জ্যোতি, Jotey,F
মিম,Mim,F
মায়সা,Maysha,F
ফাতেমা,Fatema,F
ইরা, Era,F
বন্নি, Bonni,F
লিয়া, Liya,F
অনামিকা, Anamika,F
প্রিয়া, Priya,F
চৈতি, Chaity,F
প্রিতুল, Pritul,F
সাবরিনা, Sabrina,F
শিন্থি, Sinthi,F
সুচনা, Suchona,F
সুমনা, Sumona,F
রাখি, Rakhi,F
নিপা, Nipa. F,
রিয়া, Riya,F
মনীষা,Manisha,F
সায়মা, Sayma,F
ইমা, ema,F
নুসরাত, Nusrat,F
মোমো,Momo,F
আলিয়া, Aliya,F
জাহাবা, Jahaba,F
শারমিন, Sarmin,F
রোজা, Roza,F
নিশিতা, Nishita,F
সাথি, Sathy,F
তুলি, Tuli,F
মিরা,Mira,F
মুন্নি,Munni,F
সোহানা, Shohana,F
টুম্পা, Tumpa,F
রিপা, Reepa,F
রাত্রি, Ratri,F
ঈশিতা, Eshita,F
বুশরা, Busra,F
আফসানা, Afsana,F
শামীমা, Shamima,F
ওভি, Ovi,F
শিলা, Shela,F
শিমু, Simu,F
তানিয়া, Taniya,F
সামসুন, Samsun,F
মুনিয়া,Munia,F
মুরশিদা,Murshida,F
জেরিন, Zerin,F
ঈভা, Eva,F
আয়াত, Ayaat,F
সুরাইয়া, Suraiya,F
মাহমুদা,Mahmuda,F
বাধন, Badhon,F
শ্রাবন্তী, Srabonty,F
তিশা, Tisha,F
মোহোনা,Mohona,F
আফিয়া, Afia,F
জিনাত, Jinat,F
পুনোম, Punom,F
মুনমুন,Munmun,F
মুন,Moon,F
নিশি, Nishi,F
ঊর্মি, Urmi,F
নাবিলা, Nabila,F
জুথি, Juthi,F
বাশির, Bashir,F
মিতুল,Mitul ,F
জয়া, Joya,F
রায়ানা, Rayana,F
তানজিলা, Tanzila,F
কবিতা, Kabita,F
আফরিন, Afrin,F
ফারিসা,Farisha,F
অন্তরা, Antora,F
টুকুলি, Tukuli,F
কনিকা, Konika,F
সামিয়া, Samia,F
মাটি,Mati,F
কুয়াশা, Kuasha,F
রুপা, Rupa,F
লিফা, Lifa,F
আলিফ, Alif,F
রিতুল, Ritul,F
প্রিতুল, Pritul,F
মিতুল,Mitul,F
বৃষ্টি, Brishty,F
ফারহানা,Farhana,F
লক্ষি, Luxmi,F
সুপ্তি, Supti,F
রাইসা, Raisa,F
হাফসা, Hafsa,F
নাদিম, Nadim,M
সাগর, Sagor,M
সিয়াম, Siam,M
ইবরাহিম, Ebrahim,M
রাফায়েল, Rafayel,M
জয়, Joy,M
রাকিব, Raskib,M
মাহমুদ,Mahmud,M
সাকিব, Sakib,M
মোল্লা,Mollah,M
নাঈম, Nayem,M
রাব্বি, Rabbi,M
সাইফ, Saif,M
সাব্বির, Sabbir,M
শান্ত, Shanto,M
এজাজ, Azaz,M
হুমায়রা, Humayra,F
বেলাল, Belal,M
রহিম, Rahim,M
মৌসুমী,Moushumi,F
জিনিয়া, Jinia,F
আসিফ, Asif,M
আশিক, Ashik,M
সম্রাট, Shomrat,M
শাওন, Sawon,M
সুমন, Sumon,M
সুরুজ, Suruj,M
পূজা, Pooja,F
সাদাব, Shadab,M
প্রভা, Prova,F
প্রান্ত, Pranto,M
রাহাত, rahat,M
ইমন, Emon,M
খাইরুল, Khairul,M
মার্ক,Mark,M
আবির, Avir,M
প্রমি, Promi,F
ইসমাইল, Ismail,M
অনিক, Anik,M
আলম, Alam,M
রাতুল, Ratul,M
রাইসুল, Raisul,M
সাখাওয়াত, Shakhawat,M
মারজান,Marjan,M
শিবলি, Shivli,M
মেহেদি,Mehedi,M
ফয়সাল,Faysal,M
মামুন,Mamun,M
জয়ন্ত, Joyonto,M
আলভি, Alvi,M
রিফাত, Rifat,M
মুশফিক,Mushfiq,M
ইউসুফ, Yousuf,M
সালমা, Salma,M
হিরা, Hira,M
হিয়া, Hiya,F
ইমরান, Imran,M
ইমু, Imu,M
নাবা, Naba,M
বাশার, Bashar,M
বাবু, Babu,M
অয়ন, Ayon,M
মানিক,Manik,M
হিমু, Himu,M
হৈমন্তী, Hoimonty,F
সিফাত, Sifat,M
রানা, Rana,M
হৃদয়, Hridoy,M
শন্তু, Shanto,M
ইভান, Evan,M
তানভীর, Tanvir,M
আকরাম , Akram,M
মাশরাফি,Mashrafi,M
ফাহিম,Fahim,M
শিহাব, Shihab,M
শান, Shaan,M
সাঈদ, Sayed,M
শাকিরুল, Shakirul,M
স্বপ্নীল, Swapnil,M
জিসান,Jishan,M
ফাহাদ,Fahad,M
শিমুল, Shimul,M
ফুয়াদ,Fuyad,M
রবি, Roby,M
মাসুম,Masum,M
জিম, Jim,M
রেজোয়ান,Rezwan,M
বাদল, Badal,M
সোহাগ, Shohag,M
জনু, Jonu,M
জয়নাল, Joynal,M
শুভ, Shuvo,M
রাওফিদ, Rawfid,M
জাহাঙ্গীর, Jahangir,M
রায়মা, Rayma,F
রকি, Roki,M
রনি, Rony,M
ত্রিপ্তি, tripty,F
তিশমুন, Tishmun,F
সানজিদা, Sanjida,F
আখি, Akhi,F
আতাউর, Ataur,M
পাবন, Pabon,M
হুমায়ুন, Humayun,M
তপন, Tapan,M
পিয়াল, Piyal,F
প্রিতি, Preety,F
পায়েল, Payel,F
মিথিলা,Methila,M
অনুস্রি, Anusree,F
নুরা, Nura,F
রিংকি, Rinky,F
মুরাদ,Murad,M
ইফতি, Efty,F
আবিদ, Abid,M
পাপ্পু, pappu,M
ফেরদাউস,Ferdous,M
লুবনা, Lubna,F
সুবরনা, Suborna,F
ফাহিমা,Fahima,F
আয়েশা, Ayesha,F
শাহনেওায, Shahnewazul,F